,date,id,tweet,userid
0,2017-07-19 23:41:52,887819809836195841,I like how the @MTA is making damn sure we know @ConEdison is to blame for the power outage at 59th in #Brooklyn.,b'kenwheaton'
1,2017-07-18 11:57:18,887280112202330112,"NotifyNYC: .ConEdison ConEd is responding to a power outage in The Bronx, ZIP: 10469.  Report service loss: 1-800-… http://on.nyc.gov/22lyehC .",b'EastCoast911IA'
2,2017-07-18 11:57:11,887280082686967808,".@ConEdison ConEd is responding to a power outage in The Bronx, ZIP: 10469.  Report service loss: 1-800-75-CONED. http://on.nyc.gov/22lyehC .",b'NotifyNYC'
3,2017-07-14 01:21:19,885670511988133892,NotifyNYC: .ConEdison ConEd is responding to a power outage in MN ZIP 10023.  Report service loss: 1-800-75-CONED. http://on.nyc.gov/22lyehC .,b'EastCoast911IA'
4,2017-07-14 01:13:00,885668417730224128,.@ConEdison ConEd is responding to a power outage in MN ZIP 10023.  Report service loss: 1-800-75-CONED. http://on.nyc.gov/22lyehC .,b'NotifyNYC'
5,2017-07-14 00:41:16,885660433671127040,NotifyNYC: .ConEdison ConEd is responding to a power outage in QN ZIP 11357.  Report service loss: 1-800-75-CONED. http://on.nyc.gov/22lyehC .,b'EastCoast911IA'
6,2017-07-14 00:37:53,885659580763713536,.@ConEdison ConEd is responding to a power outage in QN ZIP 11357.  Report service loss: 1-800-75-CONED. http://on.nyc.gov/22lyehC .,b'NotifyNYC'
7,2017-07-13 03:37:20,885342351698395138,Good evening. If you require our assistance with a power outage please follow and DM us with your exact address. Thank you ~CC,b'ConEdison'
8,2017-07-11 19:23:33,884855700928815105,"@ConEdison there is a power outage in Ozone Park, Queens, NY. Any eta on restoration?!",b'abacjourn'
9,2017-07-08 13:06:52,883673743427596288,"Power outage for approximately 624 customers in New Springville. 
Unknown cause. @ConEdison is on scene conducting an investigation.",b'HeyNowJO'
10,2017-07-08 12:15:46,883660881103605761,NotifyNYC: .ConEdison ConEd is responding to a power outage in SI ZIP 10314.  Report service loss: 1-800-75-CONED. http://on.nyc.gov/22lyehC .,b'EastCoast911IA'
11,2017-07-08 12:08:36,883659076475002882,.@ConEdison ConEd is responding to a power outage in SI ZIP 10314.  Report service loss: 1-800-75-CONED. http://on.nyc.gov/22lyehC .,b'NotifyNYC'
12,2017-07-07 08:20:16,883239229719007234,NotifyNYC: .ConEdison is responding to a power outage in QN ZIP: 11423 & 11412. Report service loss: 1-800-75-CONE… http://on.nyc.gov/22lyehC .,b'EastCoast911IA'
13,2017-07-07 08:17:12,883238457535057921,.@ConEdison is responding to a power outage in QN ZIP: 11423 & 11412. Report service loss: 1-800-75-CONED. http://on.nyc.gov/22lyehC .,b'NotifyNYC'
14,2017-07-05 17:41:13,882655620020744198,NotifyNYC: .ConEdison is responding to a power outage in QN ZIP 11354.  Report service loss: 1-800-75-CONED. http://on.nyc.gov/22lyehC .,b'EastCoast911IA'
15,2017-07-05 17:39:39,882655228163653633,.@ConEdison is responding to a power outage in QN ZIP 11354.  Report service loss: 1-800-75-CONED. http://on.nyc.gov/22lyehC .,b'NotifyNYC'
16,2017-07-05 17:24:31,882651418557124613,@ConEdison Power outage in Northern Queens (Flushing/Whitestone)?,b'TrublWitDCurv'
17,2017-07-01 17:42:32,881206398356475904,Good afternoon. Please follow & DM us for further assistance in reporting  your power outage. Thank you.~KG,b'ConEdison'
18,2017-07-01 17:41:02,881206022387503104,Good afternoon. Please follow & DM us for further assistance in reporting your power outage. Thank you.~KG,b'ConEdison'
19,2017-07-01 17:38:20,881205344285995008,Good afternoon. Please follow & DM us for further assistance in reporting  your power outage. Thank you.~KG,b'ConEdison'
20,2017-07-19 23:41:52,887819809836195841,I like how the @MTA is making damn sure we know @ConEdison is to blame for the power outage at 59th in #Brooklyn.,b'kenwheaton'
21,2017-07-18 11:57:18,887280112202330112,"NotifyNYC: .ConEdison ConEd is responding to a power outage in The Bronx, ZIP: 10469.  Report service loss: 1-800-… http://on.nyc.gov/22lyehC .",b'EastCoast911IA'
22,2017-07-18 11:57:11,887280082686967808,".@ConEdison ConEd is responding to a power outage in The Bronx, ZIP: 10469.  Report service loss: 1-800-75-CONED. http://on.nyc.gov/22lyehC .",b'NotifyNYC'
23,2017-07-14 01:21:19,885670511988133892,NotifyNYC: .ConEdison ConEd is responding to a power outage in MN ZIP 10023.  Report service loss: 1-800-75-CONED. http://on.nyc.gov/22lyehC .,b'EastCoast911IA'
24,2017-07-14 01:13:00,885668417730224128,.@ConEdison ConEd is responding to a power outage in MN ZIP 10023.  Report service loss: 1-800-75-CONED. http://on.nyc.gov/22lyehC .,b'NotifyNYC'
25,2017-07-14 00:41:16,885660433671127040,NotifyNYC: .ConEdison ConEd is responding to a power outage in QN ZIP 11357.  Report service loss: 1-800-75-CONED. http://on.nyc.gov/22lyehC .,b'EastCoast911IA'
26,2017-07-14 00:37:53,885659580763713536,.@ConEdison ConEd is responding to a power outage in QN ZIP 11357.  Report service loss: 1-800-75-CONED. http://on.nyc.gov/22lyehC .,b'NotifyNYC'
27,2017-07-13 03:37:20,885342351698395138,Good evening. If you require our assistance with a power outage please follow and DM us with your exact address. Thank you ~CC,b'ConEdison'
28,2017-07-11 19:23:33,884855700928815105,"@ConEdison there is a power outage in Ozone Park, Queens, NY. Any eta on restoration?!",b'abacjourn'
29,2017-07-08 13:06:52,883673743427596288,"Power outage for approximately 624 customers in New Springville. 
Unknown cause. @ConEdison is on scene conducting an investigation.",b'HeyNowJO'
30,2017-07-08 12:15:46,883660881103605761,NotifyNYC: .ConEdison ConEd is responding to a power outage in SI ZIP 10314.  Report service loss: 1-800-75-CONED. http://on.nyc.gov/22lyehC .,b'EastCoast911IA'
31,2017-07-08 12:08:36,883659076475002882,.@ConEdison ConEd is responding to a power outage in SI ZIP 10314.  Report service loss: 1-800-75-CONED. http://on.nyc.gov/22lyehC .,b'NotifyNYC'
32,2017-07-07 08:20:16,883239229719007234,NotifyNYC: .ConEdison is responding to a power outage in QN ZIP: 11423 & 11412. Report service loss: 1-800-75-CONE… http://on.nyc.gov/22lyehC .,b'EastCoast911IA'
33,2017-07-07 08:17:12,883238457535057921,.@ConEdison is responding to a power outage in QN ZIP: 11423 & 11412. Report service loss: 1-800-75-CONED. http://on.nyc.gov/22lyehC .,b'NotifyNYC'
34,2017-07-05 17:41:13,882655620020744198,NotifyNYC: .ConEdison is responding to a power outage in QN ZIP 11354.  Report service loss: 1-800-75-CONED. http://on.nyc.gov/22lyehC .,b'EastCoast911IA'
35,2017-07-05 17:39:39,882655228163653633,.@ConEdison is responding to a power outage in QN ZIP 11354.  Report service loss: 1-800-75-CONED. http://on.nyc.gov/22lyehC .,b'NotifyNYC'
36,2017-07-05 17:24:31,882651418557124613,@ConEdison Power outage in Northern Queens (Flushing/Whitestone)?,b'TrublWitDCurv'
37,2017-07-01 17:42:32,881206398356475904,Good afternoon. Please follow & DM us for further assistance in reporting  your power outage. Thank you.~KG,b'ConEdison'
38,2017-07-01 17:41:02,881206022387503104,Good afternoon. Please follow & DM us for further assistance in reporting your power outage. Thank you.~KG,b'ConEdison'
39,2017-07-01 17:38:20,881205344285995008,Good afternoon. Please follow & DM us for further assistance in reporting  your power outage. Thank you.~KG,b'ConEdison'
40,2017-07-19 23:41:52,887819809836195841,I like how the @MTA is making damn sure we know @ConEdison is to blame for the power outage at 59th in #Brooklyn.,b'kenwheaton'
41,2017-07-18 11:57:18,887280112202330112,"NotifyNYC: .ConEdison ConEd is responding to a power outage in The Bronx, ZIP: 10469.  Report service loss: 1-800-… http://on.nyc.gov/22lyehC .",b'EastCoast911IA'
42,2017-07-18 11:57:11,887280082686967808,".@ConEdison ConEd is responding to a power outage in The Bronx, ZIP: 10469.  Report service loss: 1-800-75-CONED. http://on.nyc.gov/22lyehC .",b'NotifyNYC'
43,2017-07-14 01:21:19,885670511988133892,NotifyNYC: .ConEdison ConEd is responding to a power outage in MN ZIP 10023.  Report service loss: 1-800-75-CONED. http://on.nyc.gov/22lyehC .,b'EastCoast911IA'
44,2017-07-14 01:13:00,885668417730224128,.@ConEdison ConEd is responding to a power outage in MN ZIP 10023.  Report service loss: 1-800-75-CONED. http://on.nyc.gov/22lyehC .,b'NotifyNYC'
45,2017-07-14 00:41:16,885660433671127040,NotifyNYC: .ConEdison ConEd is responding to a power outage in QN ZIP 11357.  Report service loss: 1-800-75-CONED. http://on.nyc.gov/22lyehC .,b'EastCoast911IA'
46,2017-07-14 00:37:53,885659580763713536,.@ConEdison ConEd is responding to a power outage in QN ZIP 11357.  Report service loss: 1-800-75-CONED. http://on.nyc.gov/22lyehC .,b'NotifyNYC'
47,2017-07-13 03:37:20,885342351698395138,Good evening. If you require our assistance with a power outage please follow and DM us with your exact address. Thank you ~CC,b'ConEdison'
48,2017-07-11 19:23:33,884855700928815105,"@ConEdison there is a power outage in Ozone Park, Queens, NY. Any eta on restoration?!",b'abacjourn'
49,2017-07-08 13:06:52,883673743427596288,"Power outage for approximately 624 customers in New Springville. 
Unknown cause. @ConEdison is on scene conducting an investigation.",b'HeyNowJO'
50,2017-07-08 12:15:46,883660881103605761,NotifyNYC: .ConEdison ConEd is responding to a power outage in SI ZIP 10314.  Report service loss: 1-800-75-CONED. http://on.nyc.gov/22lyehC .,b'EastCoast911IA'
51,2017-07-08 12:08:36,883659076475002882,.@ConEdison ConEd is responding to a power outage in SI ZIP 10314.  Report service loss: 1-800-75-CONED. http://on.nyc.gov/22lyehC .,b'NotifyNYC'
52,2017-07-07 08:20:16,883239229719007234,NotifyNYC: .ConEdison is responding to a power outage in QN ZIP: 11423 & 11412. Report service loss: 1-800-75-CONE… http://on.nyc.gov/22lyehC .,b'EastCoast911IA'
53,2017-07-07 08:17:12,883238457535057921,.@ConEdison is responding to a power outage in QN ZIP: 11423 & 11412. Report service loss: 1-800-75-CONED. http://on.nyc.gov/22lyehC .,b'NotifyNYC'
54,2017-07-05 17:41:13,882655620020744198,NotifyNYC: .ConEdison is responding to a power outage in QN ZIP 11354.  Report service loss: 1-800-75-CONED. http://on.nyc.gov/22lyehC .,b'EastCoast911IA'
55,2017-07-05 17:39:39,882655228163653633,.@ConEdison is responding to a power outage in QN ZIP 11354.  Report service loss: 1-800-75-CONED. http://on.nyc.gov/22lyehC .,b'NotifyNYC'
56,2017-07-05 17:24:31,882651418557124613,@ConEdison Power outage in Northern Queens (Flushing/Whitestone)?,b'TrublWitDCurv'
57,2017-07-01 17:42:32,881206398356475904,Good afternoon. Please follow & DM us for further assistance in reporting  your power outage. Thank you.~KG,b'ConEdison'
58,2017-07-01 17:41:02,881206022387503104,Good afternoon. Please follow & DM us for further assistance in reporting your power outage. Thank you.~KG,b'ConEdison'
59,2017-07-01 17:38:20,881205344285995008,Good afternoon. Please follow & DM us for further assistance in reporting  your power outage. Thank you.~KG,b'ConEdison'
60,2017-07-19 23:41:52,887819809836195841,I like how the @MTA is making damn sure we know @ConEdison is to blame for the power outage at 59th in #Brooklyn.,b'kenwheaton'
61,2017-07-18 11:57:18,887280112202330112,"NotifyNYC: .ConEdison ConEd is responding to a power outage in The Bronx, ZIP: 10469.  Report service loss: 1-800-… http://on.nyc.gov/22lyehC .",b'EastCoast911IA'
62,2017-07-18 11:57:11,887280082686967808,".@ConEdison ConEd is responding to a power outage in The Bronx, ZIP: 10469.  Report service loss: 1-800-75-CONED. http://on.nyc.gov/22lyehC .",b'NotifyNYC'
63,2017-07-14 01:21:19,885670511988133892,NotifyNYC: .ConEdison ConEd is responding to a power outage in MN ZIP 10023.  Report service loss: 1-800-75-CONED. http://on.nyc.gov/22lyehC .,b'EastCoast911IA'
64,2017-07-14 01:13:00,885668417730224128,.@ConEdison ConEd is responding to a power outage in MN ZIP 10023.  Report service loss: 1-800-75-CONED. http://on.nyc.gov/22lyehC .,b'NotifyNYC'
65,2017-07-14 00:41:16,885660433671127040,NotifyNYC: .ConEdison ConEd is responding to a power outage in QN ZIP 11357.  Report service loss: 1-800-75-CONED. http://on.nyc.gov/22lyehC .,b'EastCoast911IA'
66,2017-07-14 00:37:53,885659580763713536,.@ConEdison ConEd is responding to a power outage in QN ZIP 11357.  Report service loss: 1-800-75-CONED. http://on.nyc.gov/22lyehC .,b'NotifyNYC'
67,2017-07-13 03:37:20,885342351698395138,Good evening. If you require our assistance with a power outage please follow and DM us with your exact address. Thank you ~CC,b'ConEdison'
68,2017-07-11 19:23:33,884855700928815105,"@ConEdison there is a power outage in Ozone Park, Queens, NY. Any eta on restoration?!",b'abacjourn'
69,2017-07-08 13:06:52,883673743427596288,"Power outage for approximately 624 customers in New Springville. 
Unknown cause. @ConEdison is on scene conducting an investigation.",b'HeyNowJO'
70,2017-07-08 12:15:46,883660881103605761,NotifyNYC: .ConEdison ConEd is responding to a power outage in SI ZIP 10314.  Report service loss: 1-800-75-CONED. http://on.nyc.gov/22lyehC .,b'EastCoast911IA'
71,2017-07-08 12:08:36,883659076475002882,.@ConEdison ConEd is responding to a power outage in SI ZIP 10314.  Report service loss: 1-800-75-CONED. http://on.nyc.gov/22lyehC .,b'NotifyNYC'
72,2017-07-07 08:20:16,883239229719007234,NotifyNYC: .ConEdison is responding to a power outage in QN ZIP: 11423 & 11412. Report service loss: 1-800-75-CONE… http://on.nyc.gov/22lyehC .,b'EastCoast911IA'
73,2017-07-07 08:17:12,883238457535057921,.@ConEdison is responding to a power outage in QN ZIP: 11423 & 11412. Report service loss: 1-800-75-CONED. http://on.nyc.gov/22lyehC .,b'NotifyNYC'
74,2017-07-05 17:41:13,882655620020744198,NotifyNYC: .ConEdison is responding to a power outage in QN ZIP 11354.  Report service loss: 1-800-75-CONED. http://on.nyc.gov/22lyehC .,b'EastCoast911IA'
75,2017-07-05 17:39:39,882655228163653633,.@ConEdison is responding to a power outage in QN ZIP 11354.  Report service loss: 1-800-75-CONED. http://on.nyc.gov/22lyehC .,b'NotifyNYC'
76,2017-07-05 17:24:31,882651418557124613,@ConEdison Power outage in Northern Queens (Flushing/Whitestone)?,b'TrublWitDCurv'
77,2017-07-01 17:42:32,881206398356475904,Good afternoon. Please follow & DM us for further assistance in reporting  your power outage. Thank you.~KG,b'ConEdison'
78,2017-07-01 17:41:02,881206022387503104,Good afternoon. Please follow & DM us for further assistance in reporting your power outage. Thank you.~KG,b'ConEdison'
79,2017-07-01 17:38:20,881205344285995008,Good afternoon. Please follow & DM us for further assistance in reporting  your power outage. Thank you.~KG,b'ConEdison'
80,2017-07-19 23:41:52,887819809836195841,I like how the @MTA is making damn sure we know @ConEdison is to blame for the power outage at 59th in #Brooklyn.,b'kenwheaton'
81,2017-07-18 11:57:18,887280112202330112,"NotifyNYC: .ConEdison ConEd is responding to a power outage in The Bronx, ZIP: 10469.  Report service loss: 1-800-… http://on.nyc.gov/22lyehC .",b'EastCoast911IA'
82,2017-07-18 11:57:11,887280082686967808,".@ConEdison ConEd is responding to a power outage in The Bronx, ZIP: 10469.  Report service loss: 1-800-75-CONED. http://on.nyc.gov/22lyehC .",b'NotifyNYC'
83,2017-07-14 01:21:19,885670511988133892,NotifyNYC: .ConEdison ConEd is responding to a power outage in MN ZIP 10023.  Report service loss: 1-800-75-CONED. http://on.nyc.gov/22lyehC .,b'EastCoast911IA'
84,2017-07-14 01:13:00,885668417730224128,.@ConEdison ConEd is responding to a power outage in MN ZIP 10023.  Report service loss: 1-800-75-CONED. http://on.nyc.gov/22lyehC .,b'NotifyNYC'
85,2017-07-14 00:41:16,885660433671127040,NotifyNYC: .ConEdison ConEd is responding to a power outage in QN ZIP 11357.  Report service loss: 1-800-75-CONED. http://on.nyc.gov/22lyehC .,b'EastCoast911IA'
86,2017-07-14 00:37:53,885659580763713536,.@ConEdison ConEd is responding to a power outage in QN ZIP 11357.  Report service loss: 1-800-75-CONED. http://on.nyc.gov/22lyehC .,b'NotifyNYC'
87,2017-07-13 03:37:20,885342351698395138,Good evening. If you require our assistance with a power outage please follow and DM us with your exact address. Thank you ~CC,b'ConEdison'
88,2017-07-11 19:23:33,884855700928815105,"@ConEdison there is a power outage in Ozone Park, Queens, NY. Any eta on restoration?!",b'abacjourn'
89,2017-07-08 13:06:52,883673743427596288,"Power outage for approximately 624 customers in New Springville. 
Unknown cause. @ConEdison is on scene conducting an investigation.",b'HeyNowJO'
90,2017-07-08 12:15:46,883660881103605761,NotifyNYC: .ConEdison ConEd is responding to a power outage in SI ZIP 10314.  Report service loss: 1-800-75-CONED. http://on.nyc.gov/22lyehC .,b'EastCoast911IA'
91,2017-07-08 12:08:36,883659076475002882,.@ConEdison ConEd is responding to a power outage in SI ZIP 10314.  Report service loss: 1-800-75-CONED. http://on.nyc.gov/22lyehC .,b'NotifyNYC'
92,2017-07-07 08:20:16,883239229719007234,NotifyNYC: .ConEdison is responding to a power outage in QN ZIP: 11423 & 11412. Report service loss: 1-800-75-CONE… http://on.nyc.gov/22lyehC .,b'EastCoast911IA'
93,2017-07-07 08:17:12,883238457535057921,.@ConEdison is responding to a power outage in QN ZIP: 11423 & 11412. Report service loss: 1-800-75-CONED. http://on.nyc.gov/22lyehC .,b'NotifyNYC'
94,2017-07-05 17:41:13,882655620020744198,NotifyNYC: .ConEdison is responding to a power outage in QN ZIP 11354.  Report service loss: 1-800-75-CONED. http://on.nyc.gov/22lyehC .,b'EastCoast911IA'
95,2017-07-05 17:39:39,882655228163653633,.@ConEdison is responding to a power outage in QN ZIP 11354.  Report service loss: 1-800-75-CONED. http://on.nyc.gov/22lyehC .,b'NotifyNYC'
96,2017-07-05 17:24:31,882651418557124613,@ConEdison Power outage in Northern Queens (Flushing/Whitestone)?,b'TrublWitDCurv'
97,2017-07-01 17:42:32,881206398356475904,Good afternoon. Please follow & DM us for further assistance in reporting  your power outage. Thank you.~KG,b'ConEdison'
98,2017-07-01 17:41:02,881206022387503104,Good afternoon. Please follow & DM us for further assistance in reporting your power outage. Thank you.~KG,b'ConEdison'
99,2017-07-01 17:38:20,881205344285995008,Good afternoon. Please follow & DM us for further assistance in reporting  your power outage. Thank you.~KG,b'ConEdison'
100,2017-07-19 23:41:52,887819809836195841,I like how the @MTA is making damn sure we know @ConEdison is to blame for the power outage at 59th in #Brooklyn.,b'kenwheaton'
101,2017-07-18 11:57:18,887280112202330112,"NotifyNYC: .ConEdison ConEd is responding to a power outage in The Bronx, ZIP: 10469.  Report service loss: 1-800-… http://on.nyc.gov/22lyehC .",b'EastCoast911IA'
102,2017-07-18 11:57:11,887280082686967808,".@ConEdison ConEd is responding to a power outage in The Bronx, ZIP: 10469.  Report service loss: 1-800-75-CONED. http://on.nyc.gov/22lyehC .",b'NotifyNYC'
103,2017-07-14 01:21:19,885670511988133892,NotifyNYC: .ConEdison ConEd is responding to a power outage in MN ZIP 10023.  Report service loss: 1-800-75-CONED. http://on.nyc.gov/22lyehC .,b'EastCoast911IA'
104,2017-07-14 01:13:00,885668417730224128,.@ConEdison ConEd is responding to a power outage in MN ZIP 10023.  Report service loss: 1-800-75-CONED. http://on.nyc.gov/22lyehC .,b'NotifyNYC'
105,2017-07-14 00:41:16,885660433671127040,NotifyNYC: .ConEdison ConEd is responding to a power outage in QN ZIP 11357.  Report service loss: 1-800-75-CONED. http://on.nyc.gov/22lyehC .,b'EastCoast911IA'
106,2017-07-14 00:37:53,885659580763713536,.@ConEdison ConEd is responding to a power outage in QN ZIP 11357.  Report service loss: 1-800-75-CONED. http://on.nyc.gov/22lyehC .,b'NotifyNYC'
107,2017-07-13 03:37:20,885342351698395138,Good evening. If you require our assistance with a power outage please follow and DM us with your exact address. Thank you ~CC,b'ConEdison'
108,2017-07-11 19:23:33,884855700928815105,"@ConEdison there is a power outage in Ozone Park, Queens, NY. Any eta on restoration?!",b'abacjourn'
109,2017-07-08 13:06:52,883673743427596288,"Power outage for approximately 624 customers in New Springville. 
Unknown cause. @ConEdison is on scene conducting an investigation.",b'HeyNowJO'
110,2017-07-08 12:15:46,883660881103605761,NotifyNYC: .ConEdison ConEd is responding to a power outage in SI ZIP 10314.  Report service loss: 1-800-75-CONED. http://on.nyc.gov/22lyehC .,b'EastCoast911IA'
111,2017-07-08 12:08:36,883659076475002882,.@ConEdison ConEd is responding to a power outage in SI ZIP 10314.  Report service loss: 1-800-75-CONED. http://on.nyc.gov/22lyehC .,b'NotifyNYC'
112,2017-07-07 08:20:16,883239229719007234,NotifyNYC: .ConEdison is responding to a power outage in QN ZIP: 11423 & 11412. Report service loss: 1-800-75-CONE… http://on.nyc.gov/22lyehC .,b'EastCoast911IA'
113,2017-07-07 08:17:12,883238457535057921,.@ConEdison is responding to a power outage in QN ZIP: 11423 & 11412. Report service loss: 1-800-75-CONED. http://on.nyc.gov/22lyehC .,b'NotifyNYC'
114,2017-07-05 17:41:13,882655620020744198,NotifyNYC: .ConEdison is responding to a power outage in QN ZIP 11354.  Report service loss: 1-800-75-CONED. http://on.nyc.gov/22lyehC .,b'EastCoast911IA'
115,2017-07-05 17:39:39,882655228163653633,.@ConEdison is responding to a power outage in QN ZIP 11354.  Report service loss: 1-800-75-CONED. http://on.nyc.gov/22lyehC .,b'NotifyNYC'
116,2017-07-05 17:24:31,882651418557124613,@ConEdison Power outage in Northern Queens (Flushing/Whitestone)?,b'TrublWitDCurv'
117,2017-07-01 17:42:32,881206398356475904,Good afternoon. Please follow & DM us for further assistance in reporting  your power outage. Thank you.~KG,b'ConEdison'
118,2017-07-01 17:41:02,881206022387503104,Good afternoon. Please follow & DM us for further assistance in reporting your power outage. Thank you.~KG,b'ConEdison'
119,2017-07-01 17:38:20,881205344285995008,Good afternoon. Please follow & DM us for further assistance in reporting  your power outage. Thank you.~KG,b'ConEdison'
120,2017-07-19 23:41:52,887819809836195841,I like how the @MTA is making damn sure we know @ConEdison is to blame for the power outage at 59th in #Brooklyn.,b'kenwheaton'
121,2017-07-18 11:57:18,887280112202330112,"NotifyNYC: .ConEdison ConEd is responding to a power outage in The Bronx, ZIP: 10469.  Report service loss: 1-800-… http://on.nyc.gov/22lyehC .",b'EastCoast911IA'
122,2017-07-18 11:57:11,887280082686967808,".@ConEdison ConEd is responding to a power outage in The Bronx, ZIP: 10469.  Report service loss: 1-800-75-CONED. http://on.nyc.gov/22lyehC .",b'NotifyNYC'
123,2017-07-14 01:21:19,885670511988133892,NotifyNYC: .ConEdison ConEd is responding to a power outage in MN ZIP 10023.  Report service loss: 1-800-75-CONED. http://on.nyc.gov/22lyehC .,b'EastCoast911IA'
124,2017-07-14 01:13:00,885668417730224128,.@ConEdison ConEd is responding to a power outage in MN ZIP 10023.  Report service loss: 1-800-75-CONED. http://on.nyc.gov/22lyehC .,b'NotifyNYC'
125,2017-07-14 00:41:16,885660433671127040,NotifyNYC: .ConEdison ConEd is responding to a power outage in QN ZIP 11357.  Report service loss: 1-800-75-CONED. http://on.nyc.gov/22lyehC .,b'EastCoast911IA'
126,2017-07-14 00:37:53,885659580763713536,.@ConEdison ConEd is responding to a power outage in QN ZIP 11357.  Report service loss: 1-800-75-CONED. http://on.nyc.gov/22lyehC .,b'NotifyNYC'
127,2017-07-13 03:37:20,885342351698395138,Good evening. If you require our assistance with a power outage please follow and DM us with your exact address. Thank you ~CC,b'ConEdison'
128,2017-07-11 19:23:33,884855700928815105,"@ConEdison there is a power outage in Ozone Park, Queens, NY. Any eta on restoration?!",b'abacjourn'
129,2017-07-08 13:06:52,883673743427596288,"Power outage for approximately 624 customers in New Springville. 
Unknown cause. @ConEdison is on scene conducting an investigation.",b'HeyNowJO'
130,2017-07-08 12:15:46,883660881103605761,NotifyNYC: .ConEdison ConEd is responding to a power outage in SI ZIP 10314.  Report service loss: 1-800-75-CONED. http://on.nyc.gov/22lyehC .,b'EastCoast911IA'
131,2017-07-08 12:08:36,883659076475002882,.@ConEdison ConEd is responding to a power outage in SI ZIP 10314.  Report service loss: 1-800-75-CONED. http://on.nyc.gov/22lyehC .,b'NotifyNYC'
132,2017-07-07 08:20:16,883239229719007234,NotifyNYC: .ConEdison is responding to a power outage in QN ZIP: 11423 & 11412. Report service loss: 1-800-75-CONE… http://on.nyc.gov/22lyehC .,b'EastCoast911IA'
133,2017-07-07 08:17:12,883238457535057921,.@ConEdison is responding to a power outage in QN ZIP: 11423 & 11412. Report service loss: 1-800-75-CONED. http://on.nyc.gov/22lyehC .,b'NotifyNYC'
134,2017-07-05 17:41:13,882655620020744198,NotifyNYC: .ConEdison is responding to a power outage in QN ZIP 11354.  Report service loss: 1-800-75-CONED. http://on.nyc.gov/22lyehC .,b'EastCoast911IA'
135,2017-07-05 17:39:39,882655228163653633,.@ConEdison is responding to a power outage in QN ZIP 11354.  Report service loss: 1-800-75-CONED. http://on.nyc.gov/22lyehC .,b'NotifyNYC'
136,2017-07-05 17:24:31,882651418557124613,@ConEdison Power outage in Northern Queens (Flushing/Whitestone)?,b'TrublWitDCurv'
137,2017-07-01 17:42:32,881206398356475904,Good afternoon. Please follow & DM us for further assistance in reporting  your power outage. Thank you.~KG,b'ConEdison'
138,2017-07-01 17:41:02,881206022387503104,Good afternoon. Please follow & DM us for further assistance in reporting your power outage. Thank you.~KG,b'ConEdison'
139,2017-07-01 17:38:20,881205344285995008,Good afternoon. Please follow & DM us for further assistance in reporting  your power outage. Thank you.~KG,b'ConEdison'
140,2017-07-19 23:41:52,887819809836195841,I like how the @MTA is making damn sure we know @ConEdison is to blame for the power outage at 59th in #Brooklyn.,b'kenwheaton'
141,2017-07-18 11:57:18,887280112202330112,"NotifyNYC: .ConEdison ConEd is responding to a power outage in The Bronx, ZIP: 10469.  Report service loss: 1-800-… http://on.nyc.gov/22lyehC .",b'EastCoast911IA'
142,2017-07-18 11:57:11,887280082686967808,".@ConEdison ConEd is responding to a power outage in The Bronx, ZIP: 10469.  Report service loss: 1-800-75-CONED. http://on.nyc.gov/22lyehC .",b'NotifyNYC'
143,2017-07-14 01:21:19,885670511988133892,NotifyNYC: .ConEdison ConEd is responding to a power outage in MN ZIP 10023.  Report service loss: 1-800-75-CONED. http://on.nyc.gov/22lyehC .,b'EastCoast911IA'
144,2017-07-14 01:13:00,885668417730224128,.@ConEdison ConEd is responding to a power outage in MN ZIP 10023.  Report service loss: 1-800-75-CONED. http://on.nyc.gov/22lyehC .,b'NotifyNYC'
145,2017-07-14 00:41:16,885660433671127040,NotifyNYC: .ConEdison ConEd is responding to a power outage in QN ZIP 11357.  Report service loss: 1-800-75-CONED. http://on.nyc.gov/22lyehC .,b'EastCoast911IA'
146,2017-07-14 00:37:53,885659580763713536,.@ConEdison ConEd is responding to a power outage in QN ZIP 11357.  Report service loss: 1-800-75-CONED. http://on.nyc.gov/22lyehC .,b'NotifyNYC'
147,2017-07-13 03:37:20,885342351698395138,Good evening. If you require our assistance with a power outage please follow and DM us with your exact address. Thank you ~CC,b'ConEdison'
148,2017-07-11 19:23:33,884855700928815105,"@ConEdison there is a power outage in Ozone Park, Queens, NY. Any eta on restoration?!",b'abacjourn'
149,2017-07-08 13:06:52,883673743427596288,"Power outage for approximately 624 customers in New Springville. 
Unknown cause. @ConEdison is on scene conducting an investigation.",b'HeyNowJO'
150,2017-07-08 12:15:46,883660881103605761,NotifyNYC: .ConEdison ConEd is responding to a power outage in SI ZIP 10314.  Report service loss: 1-800-75-CONED. http://on.nyc.gov/22lyehC .,b'EastCoast911IA'
151,2017-07-08 12:08:36,883659076475002882,.@ConEdison ConEd is responding to a power outage in SI ZIP 10314.  Report service loss: 1-800-75-CONED. http://on.nyc.gov/22lyehC .,b'NotifyNYC'
152,2017-07-07 08:20:16,883239229719007234,NotifyNYC: .ConEdison is responding to a power outage in QN ZIP: 11423 & 11412. Report service loss: 1-800-75-CONE… http://on.nyc.gov/22lyehC .,b'EastCoast911IA'
153,2017-07-07 08:17:12,883238457535057921,.@ConEdison is responding to a power outage in QN ZIP: 11423 & 11412. Report service loss: 1-800-75-CONED. http://on.nyc.gov/22lyehC .,b'NotifyNYC'
154,2017-07-05 17:41:13,882655620020744198,NotifyNYC: .ConEdison is responding to a power outage in QN ZIP 11354.  Report service loss: 1-800-75-CONED. http://on.nyc.gov/22lyehC .,b'EastCoast911IA'
155,2017-07-05 17:39:39,882655228163653633,.@ConEdison is responding to a power outage in QN ZIP 11354.  Report service loss: 1-800-75-CONED. http://on.nyc.gov/22lyehC .,b'NotifyNYC'
156,2017-07-05 17:24:31,882651418557124613,@ConEdison Power outage in Northern Queens (Flushing/Whitestone)?,b'TrublWitDCurv'
157,2017-07-01 17:42:32,881206398356475904,Good afternoon. Please follow & DM us for further assistance in reporting  your power outage. Thank you.~KG,b'ConEdison'
158,2017-07-01 17:41:02,881206022387503104,Good afternoon. Please follow & DM us for further assistance in reporting your power outage. Thank you.~KG,b'ConEdison'
159,2017-07-01 17:38:20,881205344285995008,Good afternoon. Please follow & DM us for further assistance in reporting  your power outage. Thank you.~KG,b'ConEdison'
160,2017-07-19 23:41:52,887819809836195841,I like how the @MTA is making damn sure we know @ConEdison is to blame for the power outage at 59th in #Brooklyn.,b'kenwheaton'
161,2017-07-18 11:57:18,887280112202330112,"NotifyNYC: .ConEdison ConEd is responding to a power outage in The Bronx, ZIP: 10469.  Report service loss: 1-800-… http://on.nyc.gov/22lyehC .",b'EastCoast911IA'
162,2017-07-18 11:57:11,887280082686967808,".@ConEdison ConEd is responding to a power outage in The Bronx, ZIP: 10469.  Report service loss: 1-800-75-CONED. http://on.nyc.gov/22lyehC .",b'NotifyNYC'
163,2017-07-14 01:21:19,885670511988133892,NotifyNYC: .ConEdison ConEd is responding to a power outage in MN ZIP 10023.  Report service loss: 1-800-75-CONED. http://on.nyc.gov/22lyehC .,b'EastCoast911IA'
164,2017-07-14 01:13:00,885668417730224128,.@ConEdison ConEd is responding to a power outage in MN ZIP 10023.  Report service loss: 1-800-75-CONED. http://on.nyc.gov/22lyehC .,b'NotifyNYC'
165,2017-07-14 00:41:16,885660433671127040,NotifyNYC: .ConEdison ConEd is responding to a power outage in QN ZIP 11357.  Report service loss: 1-800-75-CONED. http://on.nyc.gov/22lyehC .,b'EastCoast911IA'
166,2017-07-14 00:37:53,885659580763713536,.@ConEdison ConEd is responding to a power outage in QN ZIP 11357.  Report service loss: 1-800-75-CONED. http://on.nyc.gov/22lyehC .,b'NotifyNYC'
167,2017-07-13 03:37:20,885342351698395138,Good evening. If you require our assistance with a power outage please follow and DM us with your exact address. Thank you ~CC,b'ConEdison'
168,2017-07-11 19:23:33,884855700928815105,"@ConEdison there is a power outage in Ozone Park, Queens, NY. Any eta on restoration?!",b'abacjourn'
169,2017-07-08 13:06:52,883673743427596288,"Power outage for approximately 624 customers in New Springville. 
Unknown cause. @ConEdison is on scene conducting an investigation.",b'HeyNowJO'
170,2017-07-08 12:15:46,883660881103605761,NotifyNYC: .ConEdison ConEd is responding to a power outage in SI ZIP 10314.  Report service loss: 1-800-75-CONED. http://on.nyc.gov/22lyehC .,b'EastCoast911IA'
171,2017-07-08 12:08:36,883659076475002882,.@ConEdison ConEd is responding to a power outage in SI ZIP 10314.  Report service loss: 1-800-75-CONED. http://on.nyc.gov/22lyehC .,b'NotifyNYC'
172,2017-07-07 08:20:16,883239229719007234,NotifyNYC: .ConEdison is responding to a power outage in QN ZIP: 11423 & 11412. Report service loss: 1-800-75-CONE… http://on.nyc.gov/22lyehC .,b'EastCoast911IA'
173,2017-07-07 08:17:12,883238457535057921,.@ConEdison is responding to a power outage in QN ZIP: 11423 & 11412. Report service loss: 1-800-75-CONED. http://on.nyc.gov/22lyehC .,b'NotifyNYC'
174,2017-07-05 17:41:13,882655620020744198,NotifyNYC: .ConEdison is responding to a power outage in QN ZIP 11354.  Report service loss: 1-800-75-CONED. http://on.nyc.gov/22lyehC .,b'EastCoast911IA'
175,2017-07-05 17:39:39,882655228163653633,.@ConEdison is responding to a power outage in QN ZIP 11354.  Report service loss: 1-800-75-CONED. http://on.nyc.gov/22lyehC .,b'NotifyNYC'
176,2017-07-05 17:24:31,882651418557124613,@ConEdison Power outage in Northern Queens (Flushing/Whitestone)?,b'TrublWitDCurv'
177,2017-07-01 17:42:32,881206398356475904,Good afternoon. Please follow & DM us for further assistance in reporting  your power outage. Thank you.~KG,b'ConEdison'
178,2017-07-01 17:41:02,881206022387503104,Good afternoon. Please follow & DM us for further assistance in reporting your power outage. Thank you.~KG,b'ConEdison'
179,2017-07-01 17:38:20,881205344285995008,Good afternoon. Please follow & DM us for further assistance in reporting  your power outage. Thank you.~KG,b'ConEdison'
180,2017-07-19 23:41:52,887819809836195841,I like how the @MTA is making damn sure we know @ConEdison is to blame for the power outage at 59th in #Brooklyn.,b'kenwheaton'
181,2017-07-18 11:57:18,887280112202330112,"NotifyNYC: .ConEdison ConEd is responding to a power outage in The Bronx, ZIP: 10469.  Report service loss: 1-800-… http://on.nyc.gov/22lyehC .",b'EastCoast911IA'
182,2017-07-18 11:57:11,887280082686967808,".@ConEdison ConEd is responding to a power outage in The Bronx, ZIP: 10469.  Report service loss: 1-800-75-CONED. http://on.nyc.gov/22lyehC .",b'NotifyNYC'
183,2017-07-14 01:21:19,885670511988133892,NotifyNYC: .ConEdison ConEd is responding to a power outage in MN ZIP 10023.  Report service loss: 1-800-75-CONED. http://on.nyc.gov/22lyehC .,b'EastCoast911IA'
184,2017-07-14 01:13:00,885668417730224128,.@ConEdison ConEd is responding to a power outage in MN ZIP 10023.  Report service loss: 1-800-75-CONED. http://on.nyc.gov/22lyehC .,b'NotifyNYC'
185,2017-07-14 00:41:16,885660433671127040,NotifyNYC: .ConEdison ConEd is responding to a power outage in QN ZIP 11357.  Report service loss: 1-800-75-CONED. http://on.nyc.gov/22lyehC .,b'EastCoast911IA'
186,2017-07-14 00:37:53,885659580763713536,.@ConEdison ConEd is responding to a power outage in QN ZIP 11357.  Report service loss: 1-800-75-CONED. http://on.nyc.gov/22lyehC .,b'NotifyNYC'
187,2017-07-13 03:37:20,885342351698395138,Good evening. If you require our assistance with a power outage please follow and DM us with your exact address. Thank you ~CC,b'ConEdison'
188,2017-07-11 19:23:33,884855700928815105,"@ConEdison there is a power outage in Ozone Park, Queens, NY. Any eta on restoration?!",b'abacjourn'
189,2017-07-08 13:06:52,883673743427596288,"Power outage for approximately 624 customers in New Springville. 
Unknown cause. @ConEdison is on scene conducting an investigation.",b'HeyNowJO'
190,2017-07-08 12:15:46,883660881103605761,NotifyNYC: .ConEdison ConEd is responding to a power outage in SI ZIP 10314.  Report service loss: 1-800-75-CONED. http://on.nyc.gov/22lyehC .,b'EastCoast911IA'
191,2017-07-08 12:08:36,883659076475002882,.@ConEdison ConEd is responding to a power outage in SI ZIP 10314.  Report service loss: 1-800-75-CONED. http://on.nyc.gov/22lyehC .,b'NotifyNYC'
192,2017-07-07 08:20:16,883239229719007234,NotifyNYC: .ConEdison is responding to a power outage in QN ZIP: 11423 & 11412. Report service loss: 1-800-75-CONE… http://on.nyc.gov/22lyehC .,b'EastCoast911IA'
193,2017-07-07 08:17:12,883238457535057921,.@ConEdison is responding to a power outage in QN ZIP: 11423 & 11412. Report service loss: 1-800-75-CONED. http://on.nyc.gov/22lyehC .,b'NotifyNYC'
194,2017-07-05 17:41:13,882655620020744198,NotifyNYC: .ConEdison is responding to a power outage in QN ZIP 11354.  Report service loss: 1-800-75-CONED. http://on.nyc.gov/22lyehC .,b'EastCoast911IA'
195,2017-07-05 17:39:39,882655228163653633,.@ConEdison is responding to a power outage in QN ZIP 11354.  Report service loss: 1-800-75-CONED. http://on.nyc.gov/22lyehC .,b'NotifyNYC'
196,2017-07-05 17:24:31,882651418557124613,@ConEdison Power outage in Northern Queens (Flushing/Whitestone)?,b'TrublWitDCurv'
197,2017-07-01 17:42:32,881206398356475904,Good afternoon. Please follow & DM us for further assistance in reporting  your power outage. Thank you.~KG,b'ConEdison'
198,2017-07-01 17:41:02,881206022387503104,Good afternoon. Please follow & DM us for further assistance in reporting your power outage. Thank you.~KG,b'ConEdison'
199,2017-07-01 17:38:20,881205344285995008,Good afternoon. Please follow & DM us for further assistance in reporting  your power outage. Thank you.~KG,b'ConEdison'
200,2017-07-19 23:41:52,887819809836195841,I like how the @MTA is making damn sure we know @ConEdison is to blame for the power outage at 59th in #Brooklyn.,b'kenwheaton'
201,2017-07-18 11:57:18,887280112202330112,"NotifyNYC: .ConEdison ConEd is responding to a power outage in The Bronx, ZIP: 10469.  Report service loss: 1-800-… http://on.nyc.gov/22lyehC .",b'EastCoast911IA'
202,2017-07-18 11:57:11,887280082686967808,".@ConEdison ConEd is responding to a power outage in The Bronx, ZIP: 10469.  Report service loss: 1-800-75-CONED. http://on.nyc.gov/22lyehC .",b'NotifyNYC'
203,2017-07-14 01:21:19,885670511988133892,NotifyNYC: .ConEdison ConEd is responding to a power outage in MN ZIP 10023.  Report service loss: 1-800-75-CONED. http://on.nyc.gov/22lyehC .,b'EastCoast911IA'
204,2017-07-14 01:13:00,885668417730224128,.@ConEdison ConEd is responding to a power outage in MN ZIP 10023.  Report service loss: 1-800-75-CONED. http://on.nyc.gov/22lyehC .,b'NotifyNYC'
205,2017-07-14 00:41:16,885660433671127040,NotifyNYC: .ConEdison ConEd is responding to a power outage in QN ZIP 11357.  Report service loss: 1-800-75-CONED. http://on.nyc.gov/22lyehC .,b'EastCoast911IA'
206,2017-07-14 00:37:53,885659580763713536,.@ConEdison ConEd is responding to a power outage in QN ZIP 11357.  Report service loss: 1-800-75-CONED. http://on.nyc.gov/22lyehC .,b'NotifyNYC'
207,2017-07-13 03:37:20,885342351698395138,Good evening. If you require our assistance with a power outage please follow and DM us with your exact address. Thank you ~CC,b'ConEdison'
208,2017-07-11 19:23:33,884855700928815105,"@ConEdison there is a power outage in Ozone Park, Queens, NY. Any eta on restoration?!",b'abacjourn'
209,2017-07-08 13:06:52,883673743427596288,"Power outage for approximately 624 customers in New Springville. 
Unknown cause. @ConEdison is on scene conducting an investigation.",b'HeyNowJO'
210,2017-07-08 12:15:46,883660881103605761,NotifyNYC: .ConEdison ConEd is responding to a power outage in SI ZIP 10314.  Report service loss: 1-800-75-CONED. http://on.nyc.gov/22lyehC .,b'EastCoast911IA'
211,2017-07-08 12:08:36,883659076475002882,.@ConEdison ConEd is responding to a power outage in SI ZIP 10314.  Report service loss: 1-800-75-CONED. http://on.nyc.gov/22lyehC .,b'NotifyNYC'
212,2017-07-07 08:20:16,883239229719007234,NotifyNYC: .ConEdison is responding to a power outage in QN ZIP: 11423 & 11412. Report service loss: 1-800-75-CONE… http://on.nyc.gov/22lyehC .,b'EastCoast911IA'
213,2017-07-07 08:17:12,883238457535057921,.@ConEdison is responding to a power outage in QN ZIP: 11423 & 11412. Report service loss: 1-800-75-CONED. http://on.nyc.gov/22lyehC .,b'NotifyNYC'
214,2017-07-05 17:41:13,882655620020744198,NotifyNYC: .ConEdison is responding to a power outage in QN ZIP 11354.  Report service loss: 1-800-75-CONED. http://on.nyc.gov/22lyehC .,b'EastCoast911IA'
215,2017-07-05 17:39:39,882655228163653633,.@ConEdison is responding to a power outage in QN ZIP 11354.  Report service loss: 1-800-75-CONED. http://on.nyc.gov/22lyehC .,b'NotifyNYC'
216,2017-07-05 17:24:31,882651418557124613,@ConEdison Power outage in Northern Queens (Flushing/Whitestone)?,b'TrublWitDCurv'
217,2017-07-01 17:42:32,881206398356475904,Good afternoon. Please follow & DM us for further assistance in reporting  your power outage. Thank you.~KG,b'ConEdison'
218,2017-07-01 17:41:02,881206022387503104,Good afternoon. Please follow & DM us for further assistance in reporting your power outage. Thank you.~KG,b'ConEdison'
219,2017-07-01 17:38:20,881205344285995008,Good afternoon. Please follow & DM us for further assistance in reporting  your power outage. Thank you.~KG,b'ConEdison'
220,2017-07-19 23:41:52,887819809836195841,I like how the @MTA is making damn sure we know @ConEdison is to blame for the power outage at 59th in #Brooklyn.,b'kenwheaton'
221,2017-07-18 11:57:18,887280112202330112,"NotifyNYC: .ConEdison ConEd is responding to a power outage in The Bronx, ZIP: 10469.  Report service loss: 1-800-… http://on.nyc.gov/22lyehC .",b'EastCoast911IA'
222,2017-07-18 11:57:11,887280082686967808,".@ConEdison ConEd is responding to a power outage in The Bronx, ZIP: 10469.  Report service loss: 1-800-75-CONED. http://on.nyc.gov/22lyehC .",b'NotifyNYC'
223,2017-07-14 01:21:19,885670511988133892,NotifyNYC: .ConEdison ConEd is responding to a power outage in MN ZIP 10023.  Report service loss: 1-800-75-CONED. http://on.nyc.gov/22lyehC .,b'EastCoast911IA'
224,2017-07-14 01:13:00,885668417730224128,.@ConEdison ConEd is responding to a power outage in MN ZIP 10023.  Report service loss: 1-800-75-CONED. http://on.nyc.gov/22lyehC .,b'NotifyNYC'
225,2017-07-14 00:41:16,885660433671127040,NotifyNYC: .ConEdison ConEd is responding to a power outage in QN ZIP 11357.  Report service loss: 1-800-75-CONED. http://on.nyc.gov/22lyehC .,b'EastCoast911IA'
226,2017-07-14 00:37:53,885659580763713536,.@ConEdison ConEd is responding to a power outage in QN ZIP 11357.  Report service loss: 1-800-75-CONED. http://on.nyc.gov/22lyehC .,b'NotifyNYC'
227,2017-07-13 03:37:20,885342351698395138,Good evening. If you require our assistance with a power outage please follow and DM us with your exact address. Thank you ~CC,b'ConEdison'
228,2017-07-11 19:23:33,884855700928815105,"@ConEdison there is a power outage in Ozone Park, Queens, NY. Any eta on restoration?!",b'abacjourn'
229,2017-07-08 13:06:52,883673743427596288,"Power outage for approximately 624 customers in New Springville. 
Unknown cause. @ConEdison is on scene conducting an investigation.",b'HeyNowJO'
230,2017-07-08 12:15:46,883660881103605761,NotifyNYC: .ConEdison ConEd is responding to a power outage in SI ZIP 10314.  Report service loss: 1-800-75-CONED. http://on.nyc.gov/22lyehC .,b'EastCoast911IA'
231,2017-07-08 12:08:36,883659076475002882,.@ConEdison ConEd is responding to a power outage in SI ZIP 10314.  Report service loss: 1-800-75-CONED. http://on.nyc.gov/22lyehC .,b'NotifyNYC'
232,2017-07-07 08:20:16,883239229719007234,NotifyNYC: .ConEdison is responding to a power outage in QN ZIP: 11423 & 11412. Report service loss: 1-800-75-CONE… http://on.nyc.gov/22lyehC .,b'EastCoast911IA'
233,2017-07-07 08:17:12,883238457535057921,.@ConEdison is responding to a power outage in QN ZIP: 11423 & 11412. Report service loss: 1-800-75-CONED. http://on.nyc.gov/22lyehC .,b'NotifyNYC'
234,2017-07-05 17:41:13,882655620020744198,NotifyNYC: .ConEdison is responding to a power outage in QN ZIP 11354.  Report service loss: 1-800-75-CONED. http://on.nyc.gov/22lyehC .,b'EastCoast911IA'
235,2017-07-05 17:39:39,882655228163653633,.@ConEdison is responding to a power outage in QN ZIP 11354.  Report service loss: 1-800-75-CONED. http://on.nyc.gov/22lyehC .,b'NotifyNYC'
236,2017-07-05 17:24:31,882651418557124613,@ConEdison Power outage in Northern Queens (Flushing/Whitestone)?,b'TrublWitDCurv'
237,2017-07-01 17:42:32,881206398356475904,Good afternoon. Please follow & DM us for further assistance in reporting  your power outage. Thank you.~KG,b'ConEdison'
238,2017-07-01 17:41:02,881206022387503104,Good afternoon. Please follow & DM us for further assistance in reporting your power outage. Thank you.~KG,b'ConEdison'
239,2017-07-01 17:38:20,881205344285995008,Good afternoon. Please follow & DM us for further assistance in reporting  your power outage. Thank you.~KG,b'ConEdison'
240,2017-07-19 23:41:52,887819809836195841,I like how the @MTA is making damn sure we know @ConEdison is to blame for the power outage at 59th in #Brooklyn.,b'kenwheaton'
241,2017-07-18 11:57:18,887280112202330112,"NotifyNYC: .ConEdison ConEd is responding to a power outage in The Bronx, ZIP: 10469.  Report service loss: 1-800-… http://on.nyc.gov/22lyehC .",b'EastCoast911IA'
242,2017-07-18 11:57:11,887280082686967808,".@ConEdison ConEd is responding to a power outage in The Bronx, ZIP: 10469.  Report service loss: 1-800-75-CONED. http://on.nyc.gov/22lyehC .",b'NotifyNYC'
243,2017-07-14 01:21:19,885670511988133892,NotifyNYC: .ConEdison ConEd is responding to a power outage in MN ZIP 10023.  Report service loss: 1-800-75-CONED. http://on.nyc.gov/22lyehC .,b'EastCoast911IA'
244,2017-07-14 01:13:00,885668417730224128,.@ConEdison ConEd is responding to a power outage in MN ZIP 10023.  Report service loss: 1-800-75-CONED. http://on.nyc.gov/22lyehC .,b'NotifyNYC'
245,2017-07-14 00:41:16,885660433671127040,NotifyNYC: .ConEdison ConEd is responding to a power outage in QN ZIP 11357.  Report service loss: 1-800-75-CONED. http://on.nyc.gov/22lyehC .,b'EastCoast911IA'
246,2017-07-14 00:37:53,885659580763713536,.@ConEdison ConEd is responding to a power outage in QN ZIP 11357.  Report service loss: 1-800-75-CONED. http://on.nyc.gov/22lyehC .,b'NotifyNYC'
247,2017-07-13 03:37:20,885342351698395138,Good evening. If you require our assistance with a power outage please follow and DM us with your exact address. Thank you ~CC,b'ConEdison'
248,2017-07-11 19:23:33,884855700928815105,"@ConEdison there is a power outage in Ozone Park, Queens, NY. Any eta on restoration?!",b'abacjourn'
249,2017-07-08 13:06:52,883673743427596288,"Power outage for approximately 624 customers in New Springville. 
Unknown cause. @ConEdison is on scene conducting an investigation.",b'HeyNowJO'
250,2017-07-08 12:15:46,883660881103605761,NotifyNYC: .ConEdison ConEd is responding to a power outage in SI ZIP 10314.  Report service loss: 1-800-75-CONED. http://on.nyc.gov/22lyehC .,b'EastCoast911IA'
251,2017-07-08 12:08:36,883659076475002882,.@ConEdison ConEd is responding to a power outage in SI ZIP 10314.  Report service loss: 1-800-75-CONED. http://on.nyc.gov/22lyehC .,b'NotifyNYC'
252,2017-07-07 08:20:16,883239229719007234,NotifyNYC: .ConEdison is responding to a power outage in QN ZIP: 11423 & 11412. Report service loss: 1-800-75-CONE… http://on.nyc.gov/22lyehC .,b'EastCoast911IA'
253,2017-07-07 08:17:12,883238457535057921,.@ConEdison is responding to a power outage in QN ZIP: 11423 & 11412. Report service loss: 1-800-75-CONED. http://on.nyc.gov/22lyehC .,b'NotifyNYC'
254,2017-07-05 17:41:13,882655620020744198,NotifyNYC: .ConEdison is responding to a power outage in QN ZIP 11354.  Report service loss: 1-800-75-CONED. http://on.nyc.gov/22lyehC .,b'EastCoast911IA'
255,2017-07-05 17:39:39,882655228163653633,.@ConEdison is responding to a power outage in QN ZIP 11354.  Report service loss: 1-800-75-CONED. http://on.nyc.gov/22lyehC .,b'NotifyNYC'
256,2017-07-05 17:24:31,882651418557124613,@ConEdison Power outage in Northern Queens (Flushing/Whitestone)?,b'TrublWitDCurv'
257,2017-07-01 17:42:32,881206398356475904,Good afternoon. Please follow & DM us for further assistance in reporting  your power outage. Thank you.~KG,b'ConEdison'
258,2017-07-01 17:41:02,881206022387503104,Good afternoon. Please follow & DM us for further assistance in reporting your power outage. Thank you.~KG,b'ConEdison'
259,2017-07-01 17:38:20,881205344285995008,Good afternoon. Please follow & DM us for further assistance in reporting  your power outage. Thank you.~KG,b'ConEdison'
260,2017-07-19 23:41:52,887819809836195841,I like how the @MTA is making damn sure we know @ConEdison is to blame for the power outage at 59th in #Brooklyn.,b'kenwheaton'
261,2017-07-18 11:57:18,887280112202330112,"NotifyNYC: .ConEdison ConEd is responding to a power outage in The Bronx, ZIP: 10469.  Report service loss: 1-800-… http://on.nyc.gov/22lyehC .",b'EastCoast911IA'
262,2017-07-18 11:57:11,887280082686967808,".@ConEdison ConEd is responding to a power outage in The Bronx, ZIP: 10469.  Report service loss: 1-800-75-CONED. http://on.nyc.gov/22lyehC .",b'NotifyNYC'
263,2017-07-14 01:21:19,885670511988133892,NotifyNYC: .ConEdison ConEd is responding to a power outage in MN ZIP 10023.  Report service loss: 1-800-75-CONED. http://on.nyc.gov/22lyehC .,b'EastCoast911IA'
264,2017-07-14 01:13:00,885668417730224128,.@ConEdison ConEd is responding to a power outage in MN ZIP 10023.  Report service loss: 1-800-75-CONED. http://on.nyc.gov/22lyehC .,b'NotifyNYC'
265,2017-07-14 00:41:16,885660433671127040,NotifyNYC: .ConEdison ConEd is responding to a power outage in QN ZIP 11357.  Report service loss: 1-800-75-CONED. http://on.nyc.gov/22lyehC .,b'EastCoast911IA'
266,2017-07-14 00:37:53,885659580763713536,.@ConEdison ConEd is responding to a power outage in QN ZIP 11357.  Report service loss: 1-800-75-CONED. http://on.nyc.gov/22lyehC .,b'NotifyNYC'
267,2017-07-13 03:37:20,885342351698395138,Good evening. If you require our assistance with a power outage please follow and DM us with your exact address. Thank you ~CC,b'ConEdison'
268,2017-07-11 19:23:33,884855700928815105,"@ConEdison there is a power outage in Ozone Park, Queens, NY. Any eta on restoration?!",b'abacjourn'
269,2017-07-08 13:06:52,883673743427596288,"Power outage for approximately 624 customers in New Springville. 
Unknown cause. @ConEdison is on scene conducting an investigation.",b'HeyNowJO'
270,2017-07-08 12:15:46,883660881103605761,NotifyNYC: .ConEdison ConEd is responding to a power outage in SI ZIP 10314.  Report service loss: 1-800-75-CONED. http://on.nyc.gov/22lyehC .,b'EastCoast911IA'
271,2017-07-08 12:08:36,883659076475002882,.@ConEdison ConEd is responding to a power outage in SI ZIP 10314.  Report service loss: 1-800-75-CONED. http://on.nyc.gov/22lyehC .,b'NotifyNYC'
272,2017-07-07 08:20:16,883239229719007234,NotifyNYC: .ConEdison is responding to a power outage in QN ZIP: 11423 & 11412. Report service loss: 1-800-75-CONE… http://on.nyc.gov/22lyehC .,b'EastCoast911IA'
273,2017-07-07 08:17:12,883238457535057921,.@ConEdison is responding to a power outage in QN ZIP: 11423 & 11412. Report service loss: 1-800-75-CONED. http://on.nyc.gov/22lyehC .,b'NotifyNYC'
274,2017-07-05 17:41:13,882655620020744198,NotifyNYC: .ConEdison is responding to a power outage in QN ZIP 11354.  Report service loss: 1-800-75-CONED. http://on.nyc.gov/22lyehC .,b'EastCoast911IA'
275,2017-07-05 17:39:39,882655228163653633,.@ConEdison is responding to a power outage in QN ZIP 11354.  Report service loss: 1-800-75-CONED. http://on.nyc.gov/22lyehC .,b'NotifyNYC'
276,2017-07-05 17:24:31,882651418557124613,@ConEdison Power outage in Northern Queens (Flushing/Whitestone)?,b'TrublWitDCurv'
277,2017-07-01 17:42:32,881206398356475904,Good afternoon. Please follow & DM us for further assistance in reporting  your power outage. Thank you.~KG,b'ConEdison'
278,2017-07-01 17:41:02,881206022387503104,Good afternoon. Please follow & DM us for further assistance in reporting your power outage. Thank you.~KG,b'ConEdison'
279,2017-07-01 17:38:20,881205344285995008,Good afternoon. Please follow & DM us for further assistance in reporting  your power outage. Thank you.~KG,b'ConEdison'
280,2017-07-19 23:41:52,887819809836195841,I like how the @MTA is making damn sure we know @ConEdison is to blame for the power outage at 59th in #Brooklyn.,b'kenwheaton'
281,2017-07-18 11:57:18,887280112202330112,"NotifyNYC: .ConEdison ConEd is responding to a power outage in The Bronx, ZIP: 10469.  Report service loss: 1-800-… http://on.nyc.gov/22lyehC .",b'EastCoast911IA'
282,2017-07-18 11:57:11,887280082686967808,".@ConEdison ConEd is responding to a power outage in The Bronx, ZIP: 10469.  Report service loss: 1-800-75-CONED. http://on.nyc.gov/22lyehC .",b'NotifyNYC'
283,2017-07-14 01:21:19,885670511988133892,NotifyNYC: .ConEdison ConEd is responding to a power outage in MN ZIP 10023.  Report service loss: 1-800-75-CONED. http://on.nyc.gov/22lyehC .,b'EastCoast911IA'
284,2017-07-14 01:13:00,885668417730224128,.@ConEdison ConEd is responding to a power outage in MN ZIP 10023.  Report service loss: 1-800-75-CONED. http://on.nyc.gov/22lyehC .,b'NotifyNYC'
285,2017-07-14 00:41:16,885660433671127040,NotifyNYC: .ConEdison ConEd is responding to a power outage in QN ZIP 11357.  Report service loss: 1-800-75-CONED. http://on.nyc.gov/22lyehC .,b'EastCoast911IA'
286,2017-07-14 00:37:53,885659580763713536,.@ConEdison ConEd is responding to a power outage in QN ZIP 11357.  Report service loss: 1-800-75-CONED. http://on.nyc.gov/22lyehC .,b'NotifyNYC'
287,2017-07-13 03:37:20,885342351698395138,Good evening. If you require our assistance with a power outage please follow and DM us with your exact address. Thank you ~CC,b'ConEdison'
288,2017-07-11 19:23:33,884855700928815105,"@ConEdison there is a power outage in Ozone Park, Queens, NY. Any eta on restoration?!",b'abacjourn'
289,2017-07-08 13:06:52,883673743427596288,"Power outage for approximately 624 customers in New Springville. 
Unknown cause. @ConEdison is on scene conducting an investigation.",b'HeyNowJO'
290,2017-07-08 12:15:46,883660881103605761,NotifyNYC: .ConEdison ConEd is responding to a power outage in SI ZIP 10314.  Report service loss: 1-800-75-CONED. http://on.nyc.gov/22lyehC .,b'EastCoast911IA'
291,2017-07-08 12:08:36,883659076475002882,.@ConEdison ConEd is responding to a power outage in SI ZIP 10314.  Report service loss: 1-800-75-CONED. http://on.nyc.gov/22lyehC .,b'NotifyNYC'
292,2017-07-07 08:20:16,883239229719007234,NotifyNYC: .ConEdison is responding to a power outage in QN ZIP: 11423 & 11412. Report service loss: 1-800-75-CONE… http://on.nyc.gov/22lyehC .,b'EastCoast911IA'
293,2017-07-07 08:17:12,883238457535057921,.@ConEdison is responding to a power outage in QN ZIP: 11423 & 11412. Report service loss: 1-800-75-CONED. http://on.nyc.gov/22lyehC .,b'NotifyNYC'
294,2017-07-05 17:41:13,882655620020744198,NotifyNYC: .ConEdison is responding to a power outage in QN ZIP 11354.  Report service loss: 1-800-75-CONED. http://on.nyc.gov/22lyehC .,b'EastCoast911IA'
295,2017-07-05 17:39:39,882655228163653633,.@ConEdison is responding to a power outage in QN ZIP 11354.  Report service loss: 1-800-75-CONED. http://on.nyc.gov/22lyehC .,b'NotifyNYC'
296,2017-07-05 17:24:31,882651418557124613,@ConEdison Power outage in Northern Queens (Flushing/Whitestone)?,b'TrublWitDCurv'
297,2017-07-01 17:42:32,881206398356475904,Good afternoon. Please follow & DM us for further assistance in reporting  your power outage. Thank you.~KG,b'ConEdison'
298,2017-07-01 17:41:02,881206022387503104,Good afternoon. Please follow & DM us for further assistance in reporting your power outage. Thank you.~KG,b'ConEdison'
299,2017-07-01 17:38:20,881205344285995008,Good afternoon. Please follow & DM us for further assistance in reporting  your power outage. Thank you.~KG,b'ConEdison'
300,2017-07-19 23:41:52,887819809836195841,I like how the @MTA is making damn sure we know @ConEdison is to blame for the power outage at 59th in #Brooklyn.,b'kenwheaton'
301,2017-07-18 11:57:18,887280112202330112,"NotifyNYC: .ConEdison ConEd is responding to a power outage in The Bronx, ZIP: 10469.  Report service loss: 1-800-… http://on.nyc.gov/22lyehC .",b'EastCoast911IA'
302,2017-07-18 11:57:11,887280082686967808,".@ConEdison ConEd is responding to a power outage in The Bronx, ZIP: 10469.  Report service loss: 1-800-75-CONED. http://on.nyc.gov/22lyehC .",b'NotifyNYC'
303,2017-07-14 01:21:19,885670511988133892,NotifyNYC: .ConEdison ConEd is responding to a power outage in MN ZIP 10023.  Report service loss: 1-800-75-CONED. http://on.nyc.gov/22lyehC .,b'EastCoast911IA'
304,2017-07-14 01:13:00,885668417730224128,.@ConEdison ConEd is responding to a power outage in MN ZIP 10023.  Report service loss: 1-800-75-CONED. http://on.nyc.gov/22lyehC .,b'NotifyNYC'
305,2017-07-14 00:41:16,885660433671127040,NotifyNYC: .ConEdison ConEd is responding to a power outage in QN ZIP 11357.  Report service loss: 1-800-75-CONED. http://on.nyc.gov/22lyehC .,b'EastCoast911IA'
306,2017-07-14 00:37:53,885659580763713536,.@ConEdison ConEd is responding to a power outage in QN ZIP 11357.  Report service loss: 1-800-75-CONED. http://on.nyc.gov/22lyehC .,b'NotifyNYC'
307,2017-07-13 03:37:20,885342351698395138,Good evening. If you require our assistance with a power outage please follow and DM us with your exact address. Thank you ~CC,b'ConEdison'
308,2017-07-11 19:23:33,884855700928815105,"@ConEdison there is a power outage in Ozone Park, Queens, NY. Any eta on restoration?!",b'abacjourn'
309,2017-07-08 13:06:52,883673743427596288,"Power outage for approximately 624 customers in New Springville. 
Unknown cause. @ConEdison is on scene conducting an investigation.",b'HeyNowJO'
310,2017-07-08 12:15:46,883660881103605761,NotifyNYC: .ConEdison ConEd is responding to a power outage in SI ZIP 10314.  Report service loss: 1-800-75-CONED. http://on.nyc.gov/22lyehC .,b'EastCoast911IA'
311,2017-07-08 12:08:36,883659076475002882,.@ConEdison ConEd is responding to a power outage in SI ZIP 10314.  Report service loss: 1-800-75-CONED. http://on.nyc.gov/22lyehC .,b'NotifyNYC'
312,2017-07-07 08:20:16,883239229719007234,NotifyNYC: .ConEdison is responding to a power outage in QN ZIP: 11423 & 11412. Report service loss: 1-800-75-CONE… http://on.nyc.gov/22lyehC .,b'EastCoast911IA'
313,2017-07-07 08:17:12,883238457535057921,.@ConEdison is responding to a power outage in QN ZIP: 11423 & 11412. Report service loss: 1-800-75-CONED. http://on.nyc.gov/22lyehC .,b'NotifyNYC'
314,2017-07-05 17:41:13,882655620020744198,NotifyNYC: .ConEdison is responding to a power outage in QN ZIP 11354.  Report service loss: 1-800-75-CONED. http://on.nyc.gov/22lyehC .,b'EastCoast911IA'
315,2017-07-05 17:39:39,882655228163653633,.@ConEdison is responding to a power outage in QN ZIP 11354.  Report service loss: 1-800-75-CONED. http://on.nyc.gov/22lyehC .,b'NotifyNYC'
316,2017-07-05 17:24:31,882651418557124613,@ConEdison Power outage in Northern Queens (Flushing/Whitestone)?,b'TrublWitDCurv'
317,2017-07-01 17:42:32,881206398356475904,Good afternoon. Please follow & DM us for further assistance in reporting  your power outage. Thank you.~KG,b'ConEdison'
318,2017-07-01 17:41:02,881206022387503104,Good afternoon. Please follow & DM us for further assistance in reporting your power outage. Thank you.~KG,b'ConEdison'
319,2017-07-01 17:38:20,881205344285995008,Good afternoon. Please follow & DM us for further assistance in reporting  your power outage. Thank you.~KG,b'ConEdison'
320,2017-07-19 23:41:52,887819809836195841,I like how the @MTA is making damn sure we know @ConEdison is to blame for the power outage at 59th in #Brooklyn.,b'kenwheaton'
321,2017-07-18 11:57:18,887280112202330112,"NotifyNYC: .ConEdison ConEd is responding to a power outage in The Bronx, ZIP: 10469.  Report service loss: 1-800-… http://on.nyc.gov/22lyehC .",b'EastCoast911IA'
322,2017-07-18 11:57:11,887280082686967808,".@ConEdison ConEd is responding to a power outage in The Bronx, ZIP: 10469.  Report service loss: 1-800-75-CONED. http://on.nyc.gov/22lyehC .",b'NotifyNYC'
323,2017-07-14 01:21:19,885670511988133892,NotifyNYC: .ConEdison ConEd is responding to a power outage in MN ZIP 10023.  Report service loss: 1-800-75-CONED. http://on.nyc.gov/22lyehC .,b'EastCoast911IA'
324,2017-07-14 01:13:00,885668417730224128,.@ConEdison ConEd is responding to a power outage in MN ZIP 10023.  Report service loss: 1-800-75-CONED. http://on.nyc.gov/22lyehC .,b'NotifyNYC'
325,2017-07-14 00:41:16,885660433671127040,NotifyNYC: .ConEdison ConEd is responding to a power outage in QN ZIP 11357.  Report service loss: 1-800-75-CONED. http://on.nyc.gov/22lyehC .,b'EastCoast911IA'
326,2017-07-14 00:37:53,885659580763713536,.@ConEdison ConEd is responding to a power outage in QN ZIP 11357.  Report service loss: 1-800-75-CONED. http://on.nyc.gov/22lyehC .,b'NotifyNYC'
327,2017-07-13 03:37:20,885342351698395138,Good evening. If you require our assistance with a power outage please follow and DM us with your exact address. Thank you ~CC,b'ConEdison'
328,2017-07-11 19:23:33,884855700928815105,"@ConEdison there is a power outage in Ozone Park, Queens, NY. Any eta on restoration?!",b'abacjourn'
329,2017-07-08 13:06:52,883673743427596288,"Power outage for approximately 624 customers in New Springville. 
Unknown cause. @ConEdison is on scene conducting an investigation.",b'HeyNowJO'
330,2017-07-08 12:15:46,883660881103605761,NotifyNYC: .ConEdison ConEd is responding to a power outage in SI ZIP 10314.  Report service loss: 1-800-75-CONED. http://on.nyc.gov/22lyehC .,b'EastCoast911IA'
331,2017-07-08 12:08:36,883659076475002882,.@ConEdison ConEd is responding to a power outage in SI ZIP 10314.  Report service loss: 1-800-75-CONED. http://on.nyc.gov/22lyehC .,b'NotifyNYC'
332,2017-07-07 08:20:16,883239229719007234,NotifyNYC: .ConEdison is responding to a power outage in QN ZIP: 11423 & 11412. Report service loss: 1-800-75-CONE… http://on.nyc.gov/22lyehC .,b'EastCoast911IA'
333,2017-07-07 08:17:12,883238457535057921,.@ConEdison is responding to a power outage in QN ZIP: 11423 & 11412. Report service loss: 1-800-75-CONED. http://on.nyc.gov/22lyehC .,b'NotifyNYC'
334,2017-07-05 17:41:13,882655620020744198,NotifyNYC: .ConEdison is responding to a power outage in QN ZIP 11354.  Report service loss: 1-800-75-CONED. http://on.nyc.gov/22lyehC .,b'EastCoast911IA'
335,2017-07-05 17:39:39,882655228163653633,.@ConEdison is responding to a power outage in QN ZIP 11354.  Report service loss: 1-800-75-CONED. http://on.nyc.gov/22lyehC .,b'NotifyNYC'
336,2017-07-05 17:24:31,882651418557124613,@ConEdison Power outage in Northern Queens (Flushing/Whitestone)?,b'TrublWitDCurv'
337,2017-07-01 17:42:32,881206398356475904,Good afternoon. Please follow & DM us for further assistance in reporting  your power outage. Thank you.~KG,b'ConEdison'
338,2017-07-01 17:41:02,881206022387503104,Good afternoon. Please follow & DM us for further assistance in reporting your power outage. Thank you.~KG,b'ConEdison'
339,2017-07-01 17:38:20,881205344285995008,Good afternoon. Please follow & DM us for further assistance in reporting  your power outage. Thank you.~KG,b'ConEdison'
340,2017-07-19 23:41:52,887819809836195841,I like how the @MTA is making damn sure we know @ConEdison is to blame for the power outage at 59th in #Brooklyn.,b'kenwheaton'
341,2017-07-18 11:57:18,887280112202330112,"NotifyNYC: .ConEdison ConEd is responding to a power outage in The Bronx, ZIP: 10469.  Report service loss: 1-800-… http://on.nyc.gov/22lyehC .",b'EastCoast911IA'
342,2017-07-18 11:57:11,887280082686967808,".@ConEdison ConEd is responding to a power outage in The Bronx, ZIP: 10469.  Report service loss: 1-800-75-CONED. http://on.nyc.gov/22lyehC .",b'NotifyNYC'
343,2017-07-14 01:21:19,885670511988133892,NotifyNYC: .ConEdison ConEd is responding to a power outage in MN ZIP 10023.  Report service loss: 1-800-75-CONED. http://on.nyc.gov/22lyehC .,b'EastCoast911IA'
344,2017-07-14 01:13:00,885668417730224128,.@ConEdison ConEd is responding to a power outage in MN ZIP 10023.  Report service loss: 1-800-75-CONED. http://on.nyc.gov/22lyehC .,b'NotifyNYC'
345,2017-07-14 00:41:16,885660433671127040,NotifyNYC: .ConEdison ConEd is responding to a power outage in QN ZIP 11357.  Report service loss: 1-800-75-CONED. http://on.nyc.gov/22lyehC .,b'EastCoast911IA'
346,2017-07-14 00:37:53,885659580763713536,.@ConEdison ConEd is responding to a power outage in QN ZIP 11357.  Report service loss: 1-800-75-CONED. http://on.nyc.gov/22lyehC .,b'NotifyNYC'
347,2017-07-13 03:37:20,885342351698395138,Good evening. If you require our assistance with a power outage please follow and DM us with your exact address. Thank you ~CC,b'ConEdison'
348,2017-07-11 19:23:33,884855700928815105,"@ConEdison there is a power outage in Ozone Park, Queens, NY. Any eta on restoration?!",b'abacjourn'
349,2017-07-08 13:06:52,883673743427596288,"Power outage for approximately 624 customers in New Springville. 
Unknown cause. @ConEdison is on scene conducting an investigation.",b'HeyNowJO'
350,2017-07-08 12:15:46,883660881103605761,NotifyNYC: .ConEdison ConEd is responding to a power outage in SI ZIP 10314.  Report service loss: 1-800-75-CONED. http://on.nyc.gov/22lyehC .,b'EastCoast911IA'
351,2017-07-08 12:08:36,883659076475002882,.@ConEdison ConEd is responding to a power outage in SI ZIP 10314.  Report service loss: 1-800-75-CONED. http://on.nyc.gov/22lyehC .,b'NotifyNYC'
352,2017-07-07 08:20:16,883239229719007234,NotifyNYC: .ConEdison is responding to a power outage in QN ZIP: 11423 & 11412. Report service loss: 1-800-75-CONE… http://on.nyc.gov/22lyehC .,b'EastCoast911IA'
353,2017-07-07 08:17:12,883238457535057921,.@ConEdison is responding to a power outage in QN ZIP: 11423 & 11412. Report service loss: 1-800-75-CONED. http://on.nyc.gov/22lyehC .,b'NotifyNYC'
354,2017-07-05 17:41:13,882655620020744198,NotifyNYC: .ConEdison is responding to a power outage in QN ZIP 11354.  Report service loss: 1-800-75-CONED. http://on.nyc.gov/22lyehC .,b'EastCoast911IA'
355,2017-07-05 17:39:39,882655228163653633,.@ConEdison is responding to a power outage in QN ZIP 11354.  Report service loss: 1-800-75-CONED. http://on.nyc.gov/22lyehC .,b'NotifyNYC'
356,2017-07-05 17:24:31,882651418557124613,@ConEdison Power outage in Northern Queens (Flushing/Whitestone)?,b'TrublWitDCurv'
357,2017-07-01 17:42:32,881206398356475904,Good afternoon. Please follow & DM us for further assistance in reporting  your power outage. Thank you.~KG,b'ConEdison'
358,2017-07-01 17:41:02,881206022387503104,Good afternoon. Please follow & DM us for further assistance in reporting your power outage. Thank you.~KG,b'ConEdison'
359,2017-07-01 17:38:20,881205344285995008,Good afternoon. Please follow & DM us for further assistance in reporting  your power outage. Thank you.~KG,b'ConEdison'
360,2017-07-19 23:41:52,887819809836195841,I like how the @MTA is making damn sure we know @ConEdison is to blame for the power outage at 59th in #Brooklyn.,b'kenwheaton'
361,2017-07-18 11:57:18,887280112202330112,"NotifyNYC: .ConEdison ConEd is responding to a power outage in The Bronx, ZIP: 10469.  Report service loss: 1-800-… http://on.nyc.gov/22lyehC .",b'EastCoast911IA'
362,2017-07-18 11:57:11,887280082686967808,".@ConEdison ConEd is responding to a power outage in The Bronx, ZIP: 10469.  Report service loss: 1-800-75-CONED. http://on.nyc.gov/22lyehC .",b'NotifyNYC'
363,2017-07-14 01:21:19,885670511988133892,NotifyNYC: .ConEdison ConEd is responding to a power outage in MN ZIP 10023.  Report service loss: 1-800-75-CONED. http://on.nyc.gov/22lyehC .,b'EastCoast911IA'
364,2017-07-14 01:13:00,885668417730224128,.@ConEdison ConEd is responding to a power outage in MN ZIP 10023.  Report service loss: 1-800-75-CONED. http://on.nyc.gov/22lyehC .,b'NotifyNYC'
365,2017-07-14 00:41:16,885660433671127040,NotifyNYC: .ConEdison ConEd is responding to a power outage in QN ZIP 11357.  Report service loss: 1-800-75-CONED. http://on.nyc.gov/22lyehC .,b'EastCoast911IA'
366,2017-07-14 00:37:53,885659580763713536,.@ConEdison ConEd is responding to a power outage in QN ZIP 11357.  Report service loss: 1-800-75-CONED. http://on.nyc.gov/22lyehC .,b'NotifyNYC'
367,2017-07-13 03:37:20,885342351698395138,Good evening. If you require our assistance with a power outage please follow and DM us with your exact address. Thank you ~CC,b'ConEdison'
368,2017-07-11 19:23:33,884855700928815105,"@ConEdison there is a power outage in Ozone Park, Queens, NY. Any eta on restoration?!",b'abacjourn'
369,2017-07-08 13:06:52,883673743427596288,"Power outage for approximately 624 customers in New Springville. 
Unknown cause. @ConEdison is on scene conducting an investigation.",b'HeyNowJO'
370,2017-07-08 12:15:46,883660881103605761,NotifyNYC: .ConEdison ConEd is responding to a power outage in SI ZIP 10314.  Report service loss: 1-800-75-CONED. http://on.nyc.gov/22lyehC .,b'EastCoast911IA'
371,2017-07-08 12:08:36,883659076475002882,.@ConEdison ConEd is responding to a power outage in SI ZIP 10314.  Report service loss: 1-800-75-CONED. http://on.nyc.gov/22lyehC .,b'NotifyNYC'
372,2017-07-07 08:20:16,883239229719007234,NotifyNYC: .ConEdison is responding to a power outage in QN ZIP: 11423 & 11412. Report service loss: 1-800-75-CONE… http://on.nyc.gov/22lyehC .,b'EastCoast911IA'
373,2017-07-07 08:17:12,883238457535057921,.@ConEdison is responding to a power outage in QN ZIP: 11423 & 11412. Report service loss: 1-800-75-CONED. http://on.nyc.gov/22lyehC .,b'NotifyNYC'
374,2017-07-05 17:41:13,882655620020744198,NotifyNYC: .ConEdison is responding to a power outage in QN ZIP 11354.  Report service loss: 1-800-75-CONED. http://on.nyc.gov/22lyehC .,b'EastCoast911IA'
375,2017-07-05 17:39:39,882655228163653633,.@ConEdison is responding to a power outage in QN ZIP 11354.  Report service loss: 1-800-75-CONED. http://on.nyc.gov/22lyehC .,b'NotifyNYC'
376,2017-07-05 17:24:31,882651418557124613,@ConEdison Power outage in Northern Queens (Flushing/Whitestone)?,b'TrublWitDCurv'
377,2017-07-01 17:42:32,881206398356475904,Good afternoon. Please follow & DM us for further assistance in reporting  your power outage. Thank you.~KG,b'ConEdison'
378,2017-07-01 17:41:02,881206022387503104,Good afternoon. Please follow & DM us for further assistance in reporting your power outage. Thank you.~KG,b'ConEdison'
379,2017-07-01 17:38:20,881205344285995008,Good afternoon. Please follow & DM us for further assistance in reporting  your power outage. Thank you.~KG,b'ConEdison'
380,2017-07-19 23:41:52,887819809836195841,I like how the @MTA is making damn sure we know @ConEdison is to blame for the power outage at 59th in #Brooklyn.,b'kenwheaton'
381,2017-07-18 11:57:18,887280112202330112,"NotifyNYC: .ConEdison ConEd is responding to a power outage in The Bronx, ZIP: 10469.  Report service loss: 1-800-… http://on.nyc.gov/22lyehC .",b'EastCoast911IA'
382,2017-07-18 11:57:11,887280082686967808,".@ConEdison ConEd is responding to a power outage in The Bronx, ZIP: 10469.  Report service loss: 1-800-75-CONED. http://on.nyc.gov/22lyehC .",b'NotifyNYC'
383,2017-07-14 01:21:19,885670511988133892,NotifyNYC: .ConEdison ConEd is responding to a power outage in MN ZIP 10023.  Report service loss: 1-800-75-CONED. http://on.nyc.gov/22lyehC .,b'EastCoast911IA'
384,2017-07-14 01:13:00,885668417730224128,.@ConEdison ConEd is responding to a power outage in MN ZIP 10023.  Report service loss: 1-800-75-CONED. http://on.nyc.gov/22lyehC .,b'NotifyNYC'
385,2017-07-14 00:41:16,885660433671127040,NotifyNYC: .ConEdison ConEd is responding to a power outage in QN ZIP 11357.  Report service loss: 1-800-75-CONED. http://on.nyc.gov/22lyehC .,b'EastCoast911IA'
386,2017-07-14 00:37:53,885659580763713536,.@ConEdison ConEd is responding to a power outage in QN ZIP 11357.  Report service loss: 1-800-75-CONED. http://on.nyc.gov/22lyehC .,b'NotifyNYC'
387,2017-07-13 03:37:20,885342351698395138,Good evening. If you require our assistance with a power outage please follow and DM us with your exact address. Thank you ~CC,b'ConEdison'
388,2017-07-11 19:23:33,884855700928815105,"@ConEdison there is a power outage in Ozone Park, Queens, NY. Any eta on restoration?!",b'abacjourn'
389,2017-07-08 13:06:52,883673743427596288,"Power outage for approximately 624 customers in New Springville. 
Unknown cause. @ConEdison is on scene conducting an investigation.",b'HeyNowJO'
390,2017-07-08 12:15:46,883660881103605761,NotifyNYC: .ConEdison ConEd is responding to a power outage in SI ZIP 10314.  Report service loss: 1-800-75-CONED. http://on.nyc.gov/22lyehC .,b'EastCoast911IA'
391,2017-07-08 12:08:36,883659076475002882,.@ConEdison ConEd is responding to a power outage in SI ZIP 10314.  Report service loss: 1-800-75-CONED. http://on.nyc.gov/22lyehC .,b'NotifyNYC'
392,2017-07-07 08:20:16,883239229719007234,NotifyNYC: .ConEdison is responding to a power outage in QN ZIP: 11423 & 11412. Report service loss: 1-800-75-CONE… http://on.nyc.gov/22lyehC .,b'EastCoast911IA'
393,2017-07-07 08:17:12,883238457535057921,.@ConEdison is responding to a power outage in QN ZIP: 11423 & 11412. Report service loss: 1-800-75-CONED. http://on.nyc.gov/22lyehC .,b'NotifyNYC'
394,2017-07-05 17:41:13,882655620020744198,NotifyNYC: .ConEdison is responding to a power outage in QN ZIP 11354.  Report service loss: 1-800-75-CONED. http://on.nyc.gov/22lyehC .,b'EastCoast911IA'
395,2017-07-05 17:39:39,882655228163653633,.@ConEdison is responding to a power outage in QN ZIP 11354.  Report service loss: 1-800-75-CONED. http://on.nyc.gov/22lyehC .,b'NotifyNYC'
396,2017-07-05 17:24:31,882651418557124613,@ConEdison Power outage in Northern Queens (Flushing/Whitestone)?,b'TrublWitDCurv'
397,2017-07-01 17:42:32,881206398356475904,Good afternoon. Please follow & DM us for further assistance in reporting  your power outage. Thank you.~KG,b'ConEdison'
398,2017-07-01 17:41:02,881206022387503104,Good afternoon. Please follow & DM us for further assistance in reporting your power outage. Thank you.~KG,b'ConEdison'
399,2017-07-01 17:38:20,881205344285995008,Good afternoon. Please follow & DM us for further assistance in reporting  your power outage. Thank you.~KG,b'ConEdison'
